{"f1_score": 0.6161879895561359, "recall": 0.6900584795321637, "precision": 0.5566037735849056}