{"f1_score": 0.7593818984547461, "recall": 0.9608938547486033, "precision": 0.6277372262773723}