{"intersection_threshold": 0.22586206896551725, "confidence_threshold": 0.27586206896551724}