{"recall": 1.0, "f1": 0.25396825396825395, "precision": 0.14545454545454545}