{"recall": 0.9117647058823529, "f1": 0.8051948051948051, "precision": 0.7209302325581395}