{"recall": 0.9689922480620154, "f1": 0.9842519685039369, "precision": 1.0}